label,id,type
Gabon,Q1000,Country
Southeast Asianist,Q100253449,Occupation
The Gambia,Q1005,Country
Guinea,Q1006,Country
slaveholder,Q10076267,Occupation
Buddhologist,Q100851212,Occupation
Cameroon,Q1009,Country
folk musician,Q101084010,Occupation
urban studies scholar,Q101244323,Occupation
Liberia,Q1014,Country
flight attendant,Q101539,Occupation
Libya,Q1016,Country
business analyst,Q1017553,Occupation
Madagascar,Q1019,Country
civil rights advocate,Q1021386,Occupation
vaudeville performer,Q102253066,Occupation
gospel singer,Q102276804,Occupation
Mauritius,Q1027,Country
agricultural engineer,Q10272925,Occupation
Morocco,Q1028,Country
painter,Q1028181,Occupation
crime writer,Q10297252,Occupation
Nigeria,Q1033,Country
racing automobile driver,Q10349745,Occupation
advertising person,Q10355417,Occupation
Uganda,Q1036,Country
Rwanda,Q1037,Country
drug trafficker,Q10384029,Occupation
São Tomé and Príncipe,Q1039,Country
Seychelles,Q1042,Country
rock singer,Q104218554,Occupation
bibliographer,Q10429346,Occupation
Sierra Leone,Q1044,Country
vicar general,Q1044528,Occupation
Somalia,Q1045,Country
ballooning,Q104534577,Occupation
Sudan,Q1049,Country
aerospace engineer,Q10497074,Occupation
entrepreneur,Q10501288,Occupation
Commissioner of Baseball,Q1051088,Occupation
pharmacist,Q105186,Occupation
humanist,Q10527030,Occupation
executive producer,Q1053574,Occupation
FBI agent,Q105379199,Occupation
local politician,Q10547393,Occupation
British Hong Kong,Q1054923,Country
military aviator,Q105550321,Occupation
research scientist,Q105574528,Occupation
head teacher,Q1056391,Occupation
soul musician,Q105652947,Occupation
marine officer,Q10577462,Occupation
vampire hunter,Q1058307,Occupation
double agent,Q1058375,Occupation
private investigator,Q1058617,Occupation
video installation artist,Q106227216,Occupation
character designer,Q1062952,Occupation
patent agent,Q106385760,Occupation
studio musician,Q10666486,Occupation
minister of the Navy,Q10669482,Occupation
naval officer,Q10669499,Occupation
managing editor,Q1068933,Occupation
textile artist,Q10694573,Occupation
necropolis scholar,Q107017212,Occupation
company director,Q107100767,Occupation
barber,Q107198,Occupation
white supremacist,Q107237082,Occupation
Pahlavi Iran,Q107258515,Country
pirate,Q10729326,Occupation
art collector,Q10732476,Occupation
keyboardist,Q1075651,Occupation
Muslim minister,Q107637527,Occupation
choir director,Q1076502,Occupation
firefighter,Q107711,Occupation
performance artist,Q10774753,Occupation
television actor,Q10798782,Occupation
film actor,Q10800557,Occupation
pedagogical writer,Q108046935,Occupation
naval aviator,Q108114975,Occupation
club DJ,Q10816969,Occupation
tennis player,Q10833314,Occupation
Formula One driver,Q10841764,Occupation
race car driver,Q10842936,Occupation
field hockey player,Q10843263,Occupation
swimmer,Q10843402,Occupation
bouncer,Q10860242,Occupation
etcher,Q10862983,Occupation
speed skater,Q10866633,Occupation
columnist,Q1086863,Occupation
baseball player,Q10871364,Occupation
anatomist,Q10872101,Occupation
chess player,Q10873124,Occupation
weapon historian,Q108741972,Occupation
misinformation creator,Q108866986,Occupation
financial planner,Q1089801,Occupation
auditor,Q10949665,Occupation
ruler,Q1097498,Occupation
assembly line worker,Q11010088,Occupation
astronomer,Q11063,Occupation
war criminal,Q11075015,Occupation
interpreter,Q11085831,Occupation
chartered accountant,Q1108818,Occupation
colorist,Q1111648,Occupation
tanka poet,Q11122954,Occupation
climatologist,Q1113838,Occupation
clinical psychologist,Q1113899,Occupation
cartoonist,Q1114448,Occupation
lumberjack,Q1124183,Occupation
industrial designer,Q11287574,Occupation
kickboxer,Q11296761,Occupation
sporting director,Q1130252,Occupation
golfer,Q11303721,Occupation
sportswriter,Q11313148,Occupation
professional baseball player,Q11336312,Occupation
boxer,Q11338576,Occupation
Chinese Soviet Republic,Q1135255,Country
frogman,Q1137295,Occupation
health administration,Q1137608,Occupation
swordfighter,Q11397897,Occupation
Kenya,Q114,Country
stripper,Q1141526,Occupation
earth scientist,Q11424604,Occupation
agriculture,Q11451,Occupation
dub actor,Q11481802,Occupation
architectural historian,Q11486702,Occupation
impressionist,Q1148872,Occupation
war photographer,Q11496048,Occupation
political activist,Q11499147,Occupation
political pundit,Q11499163,Occupation
athletics competitor,Q11513337,Occupation
inker,Q1153051,Occupation
spree killer,Q1154323,Occupation
weather presenter,Q1154500,Occupation
military commander,Q11545923,Occupation
correspondent,Q1155838,Occupation
printmaker,Q11569986,Occupation
royalty,Q11573099,Occupation
monarch,Q116,Occupation
Mental Health Social Worker,Q11604684,Occupation
mixed martial arts fighter,Q11607585,Occupation
fundraising,Q1161355,Occupation
director,Q1162163,Occupation
astronaut,Q11631,Occupation
procurer,Q11679511,Occupation
Ghana,Q117,Country
memoirist,Q11774156,Occupation
essayist,Q11774202,Occupation
ice hockey player,Q11774891,Occupation
documentarian,Q11814411,Occupation
Puerto Rico,Q1183,Country
baseball manager,Q1186921,Occupation
clarinetist,Q118865,Occupation
comics writer,Q11892507,Occupation
explorer,Q11900058,Occupation
comedy writer,Q11914886,Occupation
acrobat,Q11957145,Occupation
lobbyist,Q11986654,Occupation
music director,Q1198887,Occupation
ophthalmologist,Q12013238,Occupation
seafarer,Q12038843,Occupation
seismologist,Q12051314,Occupation
herder,Q12059906,Occupation
German Reich,Q1206012,Country
camera operator,Q1208175,Occupation
geophysicist,Q12094958,Occupation
poet lawyer,Q1209498,Occupation
general manager,Q1210069,Occupation
immunologist,Q12119633,Occupation
dentistry,Q12128,Occupation
prosaist,Q12144794,Occupation
double-bassist,Q1214796,Occupation
professor,Q121594,Occupation
ambassador,Q121998,Occupation
ornithologist,Q1225716,Occupation
typographer,Q1229025,Occupation
cricketer,Q12299841,Occupation
pedagogue,Q1231865,Occupation
mystic,Q12328016,Occupation
owarai tarento,Q12330954,Occupation
water skier,Q12340540,Occupation
theologian,Q1234713,Occupation
ethnographer,Q12347522,Occupation
documentary filmmaker,Q1235146,Occupation
phycologist,Q12358881,Occupation
demographer,Q12360779,Occupation
philanthropist,Q12362622,Occupation
amateur wrestler,Q12369333,Occupation
trumpeter,Q12377274,Occupation
political scientist,Q1238570,Occupation
humorist,Q12406482,Occupation
Kosovo,Q1246,Country
Kingdom of Egypt,Q124943,Country
Byzantine Empire,Q12544,Country
Holy Roman Empire,Q12548,Country
president,Q1255921,Occupation
Ottoman Empire,Q12560,Country
tribal chief,Q1259323,Occupation
violinist,Q1259917,Occupation
information scientist,Q1265807,Occupation
manual worker,Q12713481,Occupation
parasitologist,Q12773412,Occupation
instrumentalist,Q1278335,Occupation
mortgage broker,Q1278442,Occupation
occultist,Q12797895,Occupation
saxophonist,Q12800682,Occupation
runner,Q12803959,Occupation
military theorist,Q12806039,Occupation
audio engineer,Q128124,Occupation
sculptor,Q1281618,Occupation
handball player,Q12840545,Occupation
orator,Q12859263,Occupation
flutist,Q12902372,Occupation
British India,Q129286,Country
music artist,Q1294626,Occupation
artisan,Q1294787,Occupation
Greater Lebanon,Q130842,Country
disc jockey,Q130857,Occupation
urban planner,Q131062,Occupation
badminton player,Q13141064,Occupation
farmer,Q131512,Occupation
entrepreneur,Q131524,Occupation
scrivener,Q1318187,Occupation
Australians,Q1318423,Country
Austrian Empire,Q131964,Country
governor,Q132050,Occupation
talent manager,Q1320883,Occupation
tennis coach,Q13219424,Occupation
sports journalist,Q13219447,Occupation
figure skater,Q13219587,Occupation
cellist,Q13219637,Occupation
costume designer,Q1323191,Occupation
manufacturer,Q13235160,Occupation
electrical engineer,Q1326886,Occupation
multi-instrumentalist,Q1327329,Occupation
functionary,Q1328323,Occupation
National Hurricane Center,Q1329523,Occupation
public relations,Q133080,Occupation
black hat,Q1332289,Occupation
rabbi,Q133485,Occupation
copperplate engraver,Q13365770,Occupation
prison warden,Q13365916,Occupation
weightlifter,Q13381376,Occupation
long jumper,Q13381428,Occupation
dressage rider,Q13381458,Occupation
artistic gymnast,Q13381572,Occupation
middle-distance runner,Q13381753,Occupation
fencer,Q13381863,Occupation
archer,Q13382355,Occupation
marathon runner,Q13382460,Occupation
table tennis player,Q13382519,Occupation
taekwondo athlete,Q13382533,Occupation
canoeist,Q13382566,Occupation
rower,Q13382576,Occupation
ski jumper,Q13382603,Occupation
Nordic combined skier,Q13382605,Occupation
cross-country skier,Q13382608,Occupation
luger,Q13382981,Occupation
bobsledder,Q13383011,Occupation
skeleton racer,Q13388442,Occupation
softball player,Q13388586,Occupation
chansonnier,Q13391399,Occupation
scout,Q1339677,Occupation
master builder,Q1340643,Occupation
Australian rules football player,Q13414980,Occupation
mineralogist,Q13416354,Occupation
epidemiologist,Q13416803,Occupation
philologist,Q13418253,Occupation
minister of information,Q13424386,Occupation
hymnwriter,Q13424456,Occupation
Republic of China,Q13426199,Country
talent agent,Q1344174,Occupation
pole vaulter,Q13464497,Occupation
professional wrestler,Q13474373,Occupation
music critic,Q1350157,Occupation
surfer,Q13561328,Occupation
literary historian,Q13570226,Occupation
civil engineer,Q13582652,Occupation
presenter,Q13590141,Occupation
registered nurse,Q13608061,Occupation
informer collaborator,Q13615267,Occupation
obstetrician,Q13638192,Occupation
breeder,Q1368409,Occupation
ethnologist,Q1371378,Occupation
announcer,Q1371925,Occupation
hurdler,Q13724897,Occupation
mole,Q137350,Occupation
Chernobyl liquidator,Q1377734,Occupation
evangelist,Q1381391,Occupation
executive officer,Q1383594,Occupation
triple jumper,Q13848274,Occupation
hammer thrower,Q13856320,Occupation
press secretary,Q1388151,Occupation
entertainer,Q138858,Occupation
Russian Republic,Q139319,Country
probation officer,Q13968,Occupation
resistance fighter,Q1397808,Occupation
military leader,Q1402561,Occupation
mobster,Q1404030,Occupation
fellow,Q1404101,Occupation
chairperson,Q140686,Occupation
rugby union player,Q14089670,Occupation
gridiron football player,Q14128148,Occupation
Trekkie,Q1412961,Occupation
bookbinder,Q1413170,Occupation
impostor,Q1413522,Occupation
filmmaker,Q1414443,Occupation
combatant,Q1414937,Occupation
film score composer,Q1415090,Occupation
financial analyst,Q1416279,Occupation
postmaster,Q1416611,Occupation
organizer,Q1419997,Occupation
France,Q142,Country
media proprietor,Q1420621,Occupation
prime minister,Q14212,Occupation
National Endowment for Democracy,Q1422577,Occupation
minister,Q1423891,Occupation
trader,Q1424605,Occupation
solicitor,Q14284,Occupation
road crew,Q1430248,Occupation
rugby league player,Q14373094,Occupation
coin collecting,Q1437510,Occupation
showrunner,Q1440873,Occupation
sports agent,Q144662,Occupation
linguist,Q14467526,Occupation
United Kingdom,Q145,Country
legislative assistant,Q1450482,Occupation
cognitive scientist,Q14565186,Occupation
schoolmaster,Q1459149,Occupation
draftsperson,Q14623005,Occupation
Arab Kingdom of Syria,Q146600,Country
Latin Catholic priest,Q1469535,Occupation
Cherokee Nation,Q14708404,Country
human rights activist,Q1476215,Occupation
park ranger,Q1479935,Occupation
People's Republic of China,Q148,Country
land owner,Q1483709,Occupation
hacker,Q1487,Occupation
terrorist,Q14886050,Occupation
biophysicist,Q14906342,Occupation
musicologist,Q14915627,Occupation
prostitute,Q14915751,Occupation
military historian,Q1493121,Occupation
legal service,Q1494322,Occupation
con artist,Q14948222,Occupation
navy sailor,Q1495385,Occupation
food critic,Q1495660,Occupation
medical assistant,Q14970638,Occupation
lexicographer,Q14972848,Occupation
Kingdom of Iraq,Q149805,Country
community leader,Q1500610,Occupation
director general,Q1501800,Occupation
podcaster,Q15077007,Occupation
"Kingdom of Serbs, Croats and Slovenes",Q15102440,Country
courtier,Q1511216,Occupation
volleyball player,Q15117302,Occupation
track cyclist,Q15117395,Occupation
military engineer,Q151197,Occupation
Esquire of the Body,Q15132701,Occupation
space scientist,Q15143181,Occupation
science communicator,Q15143191,Occupation
Soviet Union,Q15180,Country
pastor,Q152002,Occupation
Duchy of Warsaw,Q152115,Country
cabaret artist,Q15214752,Occupation
cobbler,Q152355,Occupation
rancher,Q1524582,Occupation
activist,Q15253558,Occupation
sinologist,Q15255771,Occupation
poker player,Q15295720,Occupation
drawer,Q15296811,Occupation
Kingdom of Saxony,Q153015,Country
triathlete,Q15306067,Occupation
Habsburg Monarchy,Q153136,Country
social scientist,Q15319501,Occupation
Queen's Counsel,Q1533366,Occupation
high school student,Q15360275,Occupation
medical researcher,Q15401884,Occupation
board game designer,Q1544133,Occupation
cryptographer,Q15442776,Occupation
carpenter,Q154549,Occupation
cultural historian,Q15462162,Occupation
key grip,Q1547003,Occupation
patron of the arts,Q15472169,Occupation
Grand Duchy of Tuscany,Q154849,Country
Brazil,Q155,Country
Saxe-Weimar-Eisenach,Q155570,Country
astrologer,Q155647,Occupation
ventriloquist,Q15618890,Occupation
glaciologist,Q15623737,Occupation
trade unionist,Q15627169,Occupation
virologist,Q15634281,Occupation
cook,Q156839,Occupation
senator,Q15686806,Occupation
lecturer,Q1569495,Occupation
computational biologist,Q15709480,Occupation
snowboarder,Q15709642,Occupation
waiter,Q157195,Occupation
systems engineer,Q1572123,Occupation
Brandenburg-Prussia,Q157367,Country
watchmaker,Q157798,Occupation
ecologist,Q15839134,Occupation
molecular biologist,Q15839206,Occupation
magician,Q15855449,Occupation
mass murderer,Q15883433,Occupation
conductor,Q158852,Occupation
Russia,Q159,Country
internist,Q15924224,Occupation
lichenologist,Q15924544,Occupation
investigative journalist,Q15931838,Occupation
sports columnist,Q15941595,Occupation
short story writer,Q15949613,Occupation
local historian,Q1595570,Occupation
political writer,Q15958642,Occupation
broadcaster,Q15958754,Occupation
Kingdom of Württemberg,Q159631,Country
modern pentathlete,Q15972912,Occupation
political journalist,Q15973695,Occupation
artificial intelligence researcher,Q15976092,Occupation
computational linguist,Q15976270,Occupation
art educator,Q15977927,Occupation
social critic,Q15978337,Occupation
consultant,Q15978655,Occupation
non-fiction writer,Q15980158,Occupation
fast talker,Q15980319,Occupation
jazz musician,Q15981151,Occupation
contractor,Q15982656,Occupation
bodybuilder,Q15982795,Occupation
motivational speaker,Q15982858,Occupation
classical archaeologist,Q15983985,Occupation
medical historian,Q15985128,Occupation
sports official,Q15986539,Occupation
chess journalist,Q15986551,Occupation
chess organiser,Q15986555,Occupation
japanologist,Q15991218,Occupation
political theorist,Q15994177,Occupation
religious leader,Q15995642,Occupation
Canada,Q16,Country
pacifist,Q16003550,Occupation
socialist,Q16003594,Occupation
elementary school student,Q16003605,Occupation
oboist,Q16003954,Occupation
competitive diver,Q16004431,Occupation
platform diver,Q16004432,Occupation
kayaker,Q16004471,Occupation
broker,Q160117,Occupation
legal scholar,Q16012028,Occupation
baker,Q160131,Occupation
venture capitalist,Q16023665,Occupation
biathlete,Q16029547,Occupation
orthopedic surgeon,Q16030727,Occupation
music theorist,Q16031530,Occupation
conservationist,Q16060693,Occupation
oncologist,Q16062369,Occupation
evolutionary biologist,Q16063497,Occupation
historian of science,Q16063546,Occupation
editor,Q1607826,Occupation
social psychology,Q161272,Occupation
music pedagogue,Q16145150,Occupation
Great Britain,Q161885,Country
deacon,Q161944,Occupation
university teacher,Q1622272,Occupation
classical philologist,Q16267607,Occupation
herpetologist,Q16271064,Occupation
malacologist,Q16271261,Occupation
embryologist,Q16271428,Occupation
squash player,Q16278103,Occupation
legionary,Q1629605,Occupation
anglicist,Q16308156,Occupation
americanist,Q16308157,Occupation
hotel manager,Q1631120,Occupation
peace activist,Q16323111,Occupation
Latin Americanist,Q16334430,Occupation
bryologist,Q16334507,Occupation
pteridologist,Q16334509,Occupation
geochemist,Q16335312,Occupation
instructor,Q16358610,Occupation
anthologist,Q16360440,Occupation
dog trainer,Q1637531,Occupation
philosopher of science,Q16389557,Occupation
cryptologist,Q16390131,Occupation
blacksmith,Q1639825,Occupation
war correspondent,Q164236,Occupation
pundit,Q1642960,Occupation
music arranger,Q1643514,Occupation
electrician,Q165029,Occupation
researcher,Q1650915,Occupation
environmental scientist,Q16529590,Occupation
administrator,Q16532929,Occupation
judge,Q16533,Occupation
illusionist,Q1658894,Occupation
sex therapist,Q16614000,Occupation
paleontologist,Q1662561,Occupation
family therapist,Q16626706,Occupation
nuclear physicist,Q16742096,Occupation
planetary scientist,Q16742203,Occupation
physical chemist,Q16744668,Occupation
quantum physicist,Q16745601,Occupation
Republika Srpska,Q16761250,Country
primatologist,Q16825962,Occupation
ethologist,Q16831721,Occupation
business consultant,Q16849727,Occupation
propagandist,Q1685363,Occupation
political commissar,Q168559,Occupation
carcinologist,Q16868721,Occupation
proprietor,Q16869121,Occupation
animal painter,Q16875701,Occupation
coxswain,Q1690874,Occupation
pollster,Q16919156,Occupation
physicist,Q169470,Occupation
geopolitician,Q16947320,Occupation
lithographer,Q16947657,Occupation
gymnast,Q16947675,Occupation
German Democratic Republic,Q16957,Country
discussion moderator,Q16961937,Occupation
Japan,Q17,Country
militant,Q17010072,Occupation
Papal States,Q170174,Country
United Arab Republic,Q170468,Country
research fellow,Q1706722,Occupation
mathematician,Q170790,Occupation
medalist,Q1708232,Occupation
software engineer,Q1709010,Occupation
investment brokering,Q17098338,Occupation
penciller,Q17098559,Occupation
Kingdom of Hungary,Q171150,Country
YouTuber,Q17125263,Occupation
counsel,Q17131110,Occupation
medical examiner,Q17143199,Occupation
music supervisor,Q17156829,Occupation
snooker player,Q17165321,Occupation
hagiographer,Q17166634,Occupation
literary scholar,Q17167049,Occupation
spokesperson,Q17221,Occupation
Tibet,Q17252,Country
Kingdom of Italy,Q172579,Country
member of the State Duma,Q17276321,Occupation
piano teacher,Q17303149,Occupation
Kingdom of Naples,Q173065,Country
circus performer,Q17307272,Occupation
orientalist,Q1731155,Occupation
theatre critic,Q17337766,Occupation
editorial columnist,Q17342450,Occupation
arachnologist,Q17344952,Occupation
urologist,Q17345122,Occupation
cartographer,Q1734662,Occupation
newspaper editor,Q17351648,Occupation
Gaelic football player,Q17351861,Occupation
cashier,Q1735282,Occupation
ice dancer,Q17361147,Occupation
beach volleyball player,Q17361156,Occupation
spoken word artist,Q17378128,Occupation
film theorist,Q17391605,Occupation
art theorist,Q17391638,Occupation
architecture critic,Q17391654,Occupation
art dealer,Q173950,Occupation
United Kingdom of Great Britain and Ireland,Q174193,Country
church historian,Q1743122,Occupation
science journalist,Q17433421,Occupation
ethnomusicologist,Q17484288,Occupation
historian of mathematics,Q17486330,Occupation
sport shooter,Q17486376,Occupation
real estate developer,Q17487600,Occupation
prehistorian,Q17488316,Occupation
historian of religion,Q17488357,Occupation
economic historian,Q17488363,Occupation
regional historian,Q17488465,Occupation
historian of the modern age,Q17489339,Occupation
skateboarder,Q17502714,Occupation
watercolorist,Q17505902,Occupation
Oberlehrer,Q1751254,Occupation
printer,Q175151,Occupation
curler,Q17516936,Occupation
water polo player,Q17524364,Occupation
speechwriter,Q175301,Occupation
curate,Q1753370,Occupation
assistant director,Q1757008,Occupation
theatrical producer,Q1759246,Occupation
racquetball player,Q17611899,Occupation
NASCAR team owner,Q17614049,Occupation
netballer,Q17619498,Occupation
Federal State of Austria,Q176495,Country
lacrosse player,Q17682262,Occupation
singer,Q177220,Occupation
election official,Q1773363,Occupation
Dominion of India,Q1775277,Country
theatre manager,Q1776724,Occupation
knappe,Q1776874,Occupation
slave trader,Q17769800,Occupation
agronomist,Q1781198,Occupation
mercenary,Q178197,Occupation
barista,Q178816,Occupation
art historian,Q1792450,Occupation
artistic director,Q1797162,Occupation
Kingdom of England,Q179876,Country
actuary,Q179985,Occupation
installation artist,Q18074503,Occupation
faculty,Q180958,Occupation
dissident,Q181043,Occupation
biogeochemist,Q18176481,Occupation
foreign correspondent,Q18190897,Occupation
hurler,Q18199024,Occupation
short track speed skater,Q18200514,Occupation
video artist,Q18216771,Occupation
lighting designer,Q1823479,Occupation
reality television,Q182415,Occupation
librarian,Q182436,Occupation
radiologist,Q18245236,Occupation
frontiersman,Q18289562,Occupation
Germany,Q183,Country
dictator,Q183318,Occupation
software developer,Q183888,Occupation
record producer,Q183945,Occupation
Belarus,Q184,Country
carver,Q1840507,Occupation
bridge player,Q18437198,Occupation
glass engraver,Q18510097,Occupation
abolitionist,Q18510179,Occupation
futsal player,Q18515558,Occupation
Sheikh,Q185166,Occupation
midwife,Q185196,Occupation
mining engineer,Q18524075,Occupation
medical writer,Q18533509,Occupation
music promoter,Q18534068,Occupation
shot putter,Q18534714,Occupation
jurist,Q185351,Occupation
stand-up comedian,Q18545066,Occupation
baseball umpire,Q1856798,Occupation
darts player,Q18574233,Occupation
metallurgist,Q18576582,Occupation
beauty pageant contestant,Q18581305,Occupation
textile designer,Q18611810,Occupation
freestyle skier,Q18617021,Occupation
accordionist,Q1863064,Occupation
nurse,Q186360,Occupation
mezzo-soprano,Q186506,Occupation
topologist,Q18663426,Occupation
talk show host,Q18668527,Occupation
mascot,Q18670161,Occupation
synchronized swimmer,Q18715859,Occupation
naturalist,Q18805,Occupation
economist,Q188094,Occupation
television critic,Q18810130,Occupation
autobiographer,Q18814623,Occupation
science fiction writer,Q18844224,Occupation
media personality,Q1885941,Occupation
board of directors,Q188628,Occupation
superhero,Q188784,Occupation
video game designer,Q18882335,Occupation
ufologist,Q18921227,Occupation
military officer,Q189290,Occupation
political philosopher,Q18930007,Occupation
theorist,Q18931911,Occupation
diarist,Q18939491,Occupation
Islamic scholar,Q189459,Occupation
skipper,Q1897112,Occupation
psychotherapist,Q1900167,Occupation
marketer,Q1900657,Occupation
mechanical engineer,Q1906857,Occupation
taxonomist,Q1907198,Occupation
Estonia,Q191,Country
Kingdom of Yugoslavia,Q191077,Country
lama,Q191421,Occupation
music publishing company,Q1917775,Occupation
nun,Q191808,Occupation
pediatrician,Q1919436,Occupation
American football player,Q19204627,Occupation
media critic,Q19251029,Occupation
graphic artist,Q1925963,Occupation
gastroenterologist,Q19280221,Occupation
journalist,Q1930187,Occupation
vicar,Q193364,Occupation
diplomat,Q193391,Occupation
homekeeper,Q1934684,Occupation
theoretical physicist,Q19350898,Occupation
sociobiologist,Q19356916,Occupation
assyriologist,Q19361459,Occupation
Mandatory Palestine,Q193714,Country
world traveler,Q1937330,Occupation
organ builder,Q1937431,Occupation
amateur radio operator,Q1939892,Occupation
scientific illustrator,Q19507792,Occupation
LGBTI rights activist,Q19509201,Occupation
animal rights advocate,Q19509237,Occupation
musical theatre actor,Q1954956,Occupation
musical instrument maker,Q1955150,Occupation
machinist,Q196721,Occupation
gold miner,Q19691902,Occupation
witness,Q196939,Occupation
fashion photographer,Q19698265,Occupation
mandolinist,Q19723482,Occupation
computational physicist,Q19725716,Occupation
horn player,Q19729565,Occupation
academic musician,Q19747285,Occupation
political candidate,Q19772737,Occupation
perennial candidate,Q1978560,Occupation
financier,Q1979607,Occupation
ultramarathon runner,Q19827218,Occupation
track and field coach,Q19827985,Occupation
contortionist,Q19828939,Occupation
biblical scholar,Q19829990,Occupation
conspiracy theorist,Q19831149,Occupation
preface author,Q19839393,Occupation
Canadian football player,Q19841381,Occupation
cardiac surgeon,Q19842026,Occupation
pediatric surgeon,Q19842050,Occupation
sound artist,Q19850998,Occupation
laborer,Q19862215,Occupation
biomedical engineer,Q19902880,Occupation
air force officer,Q19934710,Occupation
Norway,Q20,Country
postage stamp designer,Q2000124,Occupation
story artist,Q20002503,Occupation
numismatist,Q2004963,Occupation
viola d'amore player,Q20083902,Occupation
gerontologist,Q20107384,Occupation
goalkeeper,Q201330,Occupation
Grand Duchy of Hesse,Q20135,Country
privateer,Q201559,Occupation
management engineer,Q20158113,Occupation
historian,Q201788,Occupation
sniper,Q201948,Occupation
music historian,Q20198542,Occupation
ondist,Q20198734,Occupation
referee,Q202648,Occupation
veterinarian,Q202883,Occupation
First Lady,Q203184,Occupation
dressmaker,Q2034021,Occupation
Kingdom of Romania,Q203493,Country
trustee,Q2047357,Occupation
bass guitarist,Q20521670,Occupation
inventor,Q205375,Occupation
pool player,Q20540007,Occupation
physiologist,Q2055046,Occupation
television director,Q2059704,Occupation
myrmecologist,Q20650437,Occupation
bank robber,Q20650518,Occupation
athlete,Q2066131,Occupation
music journalist,Q20669622,Occupation
arms trader,Q20722777,Occupation
torturer,Q20725072,Occupation
helicopter pilot,Q20726593,Occupation
Second Polish Republic,Q207272,Country
swimming coach,Q20730773,Occupation
volleyball coach,Q20730881,Occupation
nephrologist,Q20739489,Occupation
gallerist,Q20771242,Occupation
bandoneonist,Q20791985,Occupation
Pahlavi Dynasty,Q207991,Country
erudite person,Q20826540,Occupation
botanical collector,Q2083925,Occupation
pastellist,Q20857490,Occupation
historian of classical antiquity,Q20873384,Occupation
chaplain,Q208762,Occupation
rescue of Jews during the Holocaust,Q20950187,Occupation
aircraft pilot,Q2095549,Occupation
sect leader,Q20956402,Occupation
film historian,Q20971250,Occupation
aeronautical engineer,Q20972719,Occupation
Kingdom of Lombardy–Venetia,Q209857,Country
England,Q21,Country
Chechen Republic of Ichkeria,Q210036,Country
shipbuilder,Q2106711,Occupation
rowing coach,Q21121588,Occupation
celebrity,Q211236,Occupation
psychiatrist,Q211346,Occupation
pentathlete,Q21141408,Occupation
pharmacologist,Q2114605,Occupation
lutenist,Q21166956,Occupation
portraitist,Q21178131,Occupation
emeritus,Q211830,Occupation
Republic of Serbian Krajina,Q211853,Country
Ukraine,Q212,Country
Aruba,Q21203,Country
civil servant,Q212238,Occupation
paleoanthropologist,Q21272406,Occupation
academic administrator,Q21281706,Occupation
production manager,Q21292974,Occupation
partisan,Q212948,Occupation
psychologist,Q212980,Occupation
Czech Republic,Q213,Country
interior designer,Q2133309,Occupation
legal counsel,Q2135469,Occupation
legal historian,Q2135538,Occupation
Slovakia,Q214,Country
cricket umpire,Q2143894,Occupation
restorer,Q2145981,Occupation
playwright,Q214917,Occupation
virtuoso,Q214970,Occupation
Slovenia,Q215,Country
innkeeper,Q21500306,Occupation
sex educator,Q21507004,Occupation
jihadist,Q21512362,Occupation
freelancer,Q215279,Occupation
aesthetician,Q21550346,Occupation
conceptual artist,Q21550489,Occupation
plantation owner,Q21550888,Occupation
Kingdom of Ireland,Q215530,Country
merchant,Q215536,Occupation
special effects artist,Q21560152,Occupation
rowing administrator,Q21578283,Occupation
kapellmeister,Q215793,Occupation
talmudist,Q21584816,Occupation
criminal,Q2159907,Occupation
landscape artist,Q21600439,Occupation
classical composer,Q21680663,Occupation
operetta composer,Q21680699,Occupation
opera composer,Q21680731,Occupation
Moldova,Q217,Country
political prisoner,Q217105,Occupation
Rhodesia,Q217169,Country
Romania,Q218,Country
Bulgaria,Q219,Country
State of Palestine,Q219060,Country
missionary,Q219477,Occupation
Scotland,Q22,Country
warlord,Q220098,Occupation
stained-glass artist,Q2205972,Occupation
North Macedonia,Q221,Country
boxing trainer,Q22122536,Occupation
museum director,Q22132694,Occupation
Congress Poland,Q221457,Country
silversmith,Q2216340,Occupation
Albania,Q222,Country
cinematographer,Q222344,Occupation
acting,Q222749,Occupation
music publisher,Q222836,Occupation
chess arbiter,Q2229544,Occupation
flying ace,Q222982,Occupation
statelessness,Q223050,Country
humanitarian,Q22336956,Occupation
narrator,Q22343421,Occupation
collagist,Q22343478,Occupation
Croatia,Q224,Country
scholar,Q2248623,Occupation
Bosnia and Herzegovina,Q225,Country
school teacher,Q2251335,Occupation
rapper,Q2252262,Occupation
stage actor,Q2259451,Occupation
cleric,Q2259532,Occupation
game show host,Q22662561,Occupation
industrial engineer,Q2267418,Occupation
Azerbaijan,Q227,Country
nightclub owner,Q22810659,Occupation
digital artist,Q22812879,Occupation
traveler,Q22813352,Occupation
Ireland,Q22890,Country
Cyprus,Q229,Country
medieval historian,Q22929895,Occupation
television journalist,Q22976182,Occupation
Georgia,Q230,Country
sovereign,Q2304859,Occupation
Russian Socialist Federative Soviet Republic,Q2305208,Country
sociologist,Q2306091,Occupation
Kingdom of Scotland,Q230791,Country
sport cyclist,Q2309784,Occupation
helmsman,Q2309900,Occupation
meteorologist,Q2310145,Occupation
Malta,Q233,Country
freemason,Q23305046,Occupation
music video director,Q2340668,Occupation
Montenegro,Q236,Country
Bermuda,Q23635,Country
Vatican City,Q237,Country
botanist,Q2374149,Occupation
promoter,Q2378505,Occupation
Palestine,Q23792,Country
San Marino,Q238,Country
French Resistance fighter,Q23833535,Occupation
assistant,Q23835475,Occupation
habitual offender,Q2384039,Occupation
powerlifter,Q23845879,Occupation
sambo fighter,Q23927336,Occupation
rhythmic gymnast,Q24037210,Occupation
voice actor,Q2405480,Occupation
classical guitarist,Q24067349,Occupation
Cuba,Q241,Country
gambler,Q24114117,Occupation
Belize,Q242,Country
tailor,Q242468,Occupation
Bible translator,Q24262584,Occupation
religious writer,Q24262594,Occupation
philosophy historian,Q24265174,Occupation
newspaper proprietor,Q24266767,Occupation
jongleur,Q2429735,Occupation
co-director,Q24387718,Occupation
Barbados,Q244,Country
dermatologist,Q2447386,Occupation
comedian,Q245068,Occupation
cornetist,Q24574678,Occupation
Nazis hunter,Q2462215,Occupation
manager,Q2462658,Occupation
co-driver,Q2465611,Occupation
classical scholar,Q2468727,Occupation
radio journalist,Q24702769,Occupation
broadcast journalist,Q24705156,Occupation
volunteer,Q24716636,Occupation
aristocrat,Q2478141,Occupation
show jumper,Q24797688,Occupation
British North America,Q248452,Country
mycologist,Q2487799,Occupation
choreographer,Q2490358,Occupation
cancionista,Q24961653,Occupation
Wales,Q25,Country
romanist,Q2504617,Occupation
hispanist,Q2505739,Occupation
Catholic priest,Q250867,Occupation
Liaison officer,Q2514216,Occupation
literary editor,Q2516852,Occupation
publisher,Q2516866,Occupation
jewelry designer,Q2519376,Occupation
Indonesia,Q252,Country
film director,Q2526255,Occupation
plumber,Q252924,Occupation
Kingdom of Hungary,Q253094,Country
full professor,Q25339110,Occupation
Catholic deacon,Q25393460,Occupation
Kingdom of Hungary,Q25395037,Country
scout leader,Q2540793,Occupation
drug lord,Q2543769,Occupation
navigator,Q254651,Occupation
religious,Q2566598,Occupation
residency,Q256698,Occupation
nutritionist,Q2576499,Occupation
sports physician,Q2577681,Occupation
South Africa,Q258,Country
geriatrician,Q2580327,Occupation
British America,Q258532,Country
blackface minstrel performer,Q25970041,Occupation
German scholar,Q2599593,Occupation
Northern Ireland,Q26,Country
yoga instructor,Q2600526,Occupation
General,Q2608441,Occupation
whistleblower,Q26102,Occupation
Algeria,Q262,Country
traumatologist,Q26203274,Occupation
agricultural economist,Q26252897,Occupation
silent film actor,Q26262117,Occupation
puppeteer,Q2629392,Occupation
event rider,Q26384038,Occupation
gynaecologist,Q2640827,Occupation
chamberlain,Q264323,Occupation
vocalist,Q2643890,Occupation
sports executive,Q26481809,Occupation
Uzbekistan,Q265,Country
Special agent,Q2655853,Occupation
animator,Q266569,Occupation
health administrator,Q26701778,Occupation
music teacher,Q2675537,Occupation
communication scholar,Q26759595,Occupation
executive director,Q267936,Occupation
sports team owner,Q26837361,Occupation
bioengineer,Q26848923,Occupation
Republic of German-Austria,Q268970,Country
organizational founder,Q26950764,Occupation
executive vice president,Q26986313,Occupation
Cook Islands,Q26988,Country
Republic of Ireland,Q27,Country
clockmaker,Q2700922,Occupation
news presenter,Q270389,Occupation
tarento,Q2705098,Occupation
scenographer,Q2707485,Occupation
research professor,Q27177003,Occupation
inspector,Q27214348,Occupation
radio personality,Q2722764,Occupation
Kingdom of Prussia,Q27306,Country
statistician,Q2732142,Occupation
dentist,Q27349,Occupation
cookbook author,Q27431213,Occupation
auctioneer,Q2743689,Occupation
Idist,Q27496075,Occupation
suffragist,Q27532437,Occupation
reality television participant,Q27658988,Occupation
Consultant,Q27710336,Occupation
train driver,Q2775569,Occupation
milkman,Q278138,Occupation
literary agent,Q278919,Occupation
tenor,Q27914,Occupation
Pizzagate,Q27970888,Occupation
Hungary,Q28,Country
broadcasting executive,Q28050438,Occupation
layout artist,Q28110454,Occupation
character animator,Q28122926,Occupation
effects animator,Q28122965,Occupation
child psychiatrist,Q28136886,Occupation
Christian nun,Q28146366,Occupation
landscape architect,Q2815948,Occupation
science fiction author,Q28225718,Occupation
Korean Empire,Q28233,Country
board member,Q2824523,Occupation
stunt coordinator,Q2833480,Occupation
screenwriter,Q28389,Occupation
Austria-Hungary,Q28513,Country
community organizer,Q28532974,Occupation
chief of police,Q2855502,Occupation
insurance broker,Q285759,Occupation
aquanaut,Q2859165,Occupation
marine architect,Q2860259,Occupation
opera singer,Q2865819,Occupation
production assistant,Q2867219,Occupation
women's rights activist,Q28692502,Occupation
adventurer,Q2873500,Occupation
concentration camp guard,Q28789517,Occupation
layout stylist,Q28797502,Occupation
Secret Service agent,Q28809103,Occupation
investment banker,Q2883465,Occupation
anesthesiologist,Q28837,Occupation
model agent,Q28949589,Occupation
patent examiner,Q2896489,Occupation
Spain,Q29,Country
rock musician,Q29017403,Occupation
influencer,Q2906862,Occupation
Ottoman Palestine,Q2909425,Country
street artist,Q2914170,Occupation
psychic,Q2917466,Occupation
bishop,Q29182,Occupation
biochemist,Q2919046,Occupation
sexologist,Q2920595,Occupation
homeless person,Q29325697,Occupation
land surveyor,Q294126,Occupation
camogie player,Q29474561,Occupation
compiler,Q29514511,Occupation
China,Q29520,Country
bowls player,Q29579227,Occupation
business executive,Q2961975,Occupation
production designer,Q2962070,Occupation
Chile,Q298,Country
sports commentator,Q2986228,Occupation
alternative therapist,Q29881694,Occupation
anti-vaccine activist,Q29887242,Occupation
confectioner,Q2992505,Occupation
advisor,Q2994387,Occupation
Caporegime,Q2996722,Occupation
cosmologist,Q2998308,Occupation
Kingdom of the Netherlands,Q29999,Country
United States of America,Q30,Country
investigator,Q30093123,Occupation
televangelist,Q30107072,Occupation
motorcycle rider,Q3014296,Occupation
mayor,Q30185,Occupation
sound designer,Q3024424,Occupation
editorial cartoonist,Q3024627,Occupation
collection manager,Q3029418,Occupation
Iraqi Republic (1958–1968),Q3041595,Country
president,Q30461,Occupation
entomologist,Q3055126,Occupation
farm operator,Q3062119,Occupation
flibuster,Q3073738,Occupation
Islamic Republic of Afghanistan,Q30747910,Country
folklorist,Q3075052,Occupation
Republic of Egypt (1953–1958),Q3087763,Country
music executive,Q3089940,Occupation
history,Q309,Occupation
soprano,Q30903,Occupation
Belgium,Q31,Country
Ba'athist Iraq,Q3108185,Country
Grands corps de l'Etat,Q3114657,Occupation
geneticist,Q3126128,Occupation
horticulturist,Q3140857,Occupation
rector,Q3147441,Occupation
botanical illustrator,Q3148760,Occupation
university student,Q315247,Occupation
city council,Q3154693,Occupation
funeral director,Q316490,Occupation
baritone,Q31687,Occupation
public administration,Q31728,Occupation
Irish Free State,Q31747,Country
sound editor,Q3180462,Occupation
Sechium edule,Q319611,Occupation
Luxembourg,Q32,Country
suffragette,Q322170,Occupation
revolutionary,Q3242115,Occupation
collector,Q3243461,Occupation
head coach,Q3246315,Occupation
ethnobotanist,Q32518759,Occupation
cardiologist,Q3264451,Occupation
accountant,Q326653,Occupation
mechanic,Q327029,Occupation
worker,Q327055,Occupation
bricklayer,Q327321,Occupation
system administrator,Q327353,Occupation
color commentator,Q3276037,Occupation
President of Israel,Q327948,Occupation
film producer,Q3282637,Occupation
stonemason,Q328325,Occupation
glamour model,Q3286043,Occupation
engraver,Q329439,Occupation
justice of the peace,Q329455,Occupation
bank manager,Q32947888,Occupation
Finland,Q33,Country
paramedic,Q330204,Occupation
calligrapher,Q3303330,Occupation
cantor,Q330679,Occupation
land artist,Q33123562,Occupation
clergyman,Q3315492,Occupation
Seraphic Doctors,Q33176607,Occupation
photographer,Q33231,Occupation
medievalist,Q3332711,Occupation
translator,Q333634,Occupation
bibliologist,Q33386280,Occupation
Singapore,Q334,Country
division manager,Q334473,Occupation
Officer of the French Navy,Q3349700,Occupation
police officer,Q3349703,Occupation
orchestrator,Q3355249,Occupation
fashion model,Q3357567,Occupation
assessor,Q335757,Occupation
parapsychologist,Q3363630,Occupation
paratriathlon,Q3363711,Occupation
pathologist,Q3368718,Occupation
muralist,Q3374326,Occupation
architectural photographer,Q3381574,Occupation
theatrical director,Q3387717,Occupation
visual artist,Q3391743,Occupation
Czechoslovakia,Q33946,Country
actor,Q33999,Occupation
Sweden,Q34,Country
potter,Q3400050,Occupation
academic,Q3400985,Occupation
radio producer,Q3406651,Occupation
feminist,Q34074720,Occupation
Anglican priest,Q3409375,Occupation
psychoanalyst,Q3410028,Occupation
Russian Empire,Q34266,Country
restaurateur,Q3427922,Occupation
roboticist,Q3437279,Occupation
director,Q3455803,Occupation
Liechtenstein,Q347,Country
submariner,Q3492027,Occupation
innovator,Q3492227,Occupation
chef,Q3499072,Occupation
Denmark,Q35,Country
fashion designer,Q3501317,Occupation
zoologist,Q350979,Occupation
timpanist,Q3528729,Occupation
hydrogeologist,Q35380338,Occupation
type designer,Q354034,Occupation
oceanographer,Q3546255,Occupation
showman,Q355242,Occupation
fiddler,Q3560496,Occupation
adjunct professor,Q357813,Occupation
environmentalist,Q3578589,Occupation
administrator,Q358827,Occupation
correspondent,Q3589290,Occupation
Poland,Q36,Country
police officer,Q361593,Occupation
writer,Q36180,Occupation
archaeologist,Q3621491,Occupation
game designer,Q3630699,Occupation
marine biologist,Q3640160,Occupation
tanner,Q365461,Occupation
caricaturist,Q3658608,Occupation
basketball player,Q3665646,Occupation
Yugoslavia,Q36704,Country
composer,Q36834,Occupation
Lithuania,Q37,Country
Serbia and Montenegro,Q37024,Country
teacher,Q37226,Occupation
statesperson,Q372436,Occupation
science writer,Q3745071,Occupation
phytopathologist,Q3746192,Occupation
Marco,Q37516163,Occupation
videographer,Q3766177,Occupation
microbiologist,Q3779582,Occupation
racing driver,Q378622,Occupation
textbook writer,Q37868118,Occupation
hitman,Q378770,Occupation
flight instructor,Q379318,Occupation
Italy,Q38,Country
advocate,Q380075,Occupation
expert,Q381160,Occupation
housewife,Q38126150,Occupation
army officer,Q38239859,Occupation
health economist,Q38383816,Occupation
police officer,Q384593,Occupation
drummer,Q386854,Occupation
Thai boxer,Q388513,Occupation
Switzerland,Q39,Country
Bohemia,Q39193,Country
music producer,Q3922505,Occupation
intelligence agent,Q392651,Occupation
rock climber,Q3951423,Occupation
physician,Q39631,Occupation
Bahrain,Q398,Country
Armenia,Q399,Country
stock trader,Q3997173,Occupation
Austria,Q40,Country
military physician,Q4002666,Occupation
sprinter,Q4009406,Occupation
Serbia,Q403,Country
lawyer,Q40348,Occupation
ballerina,Q4070300,Occupation
Australia,Q408,Country
Greece,Q41,Country
typesetter,Q4108101,Occupation
Weimar Republic,Q41304,Country
Argentina,Q414,Country
alpine skier,Q4144610,Occupation
Kurdistan,Q41470,Country
coach,Q41583,Occupation
art critic,Q4164507,Occupation
legislator,Q4175034,Occupation
publicist,Q4178004,Occupation
stockbroker,Q4182927,Occupation
Peru,Q419,Country
political campaign staff,Q4198314,Occupation
ichthyologist,Q4205432,Occupation
vice president,Q42178,Occupation
Holocaust denier,Q42182030,Occupation
Actor,Q421957,Occupation
film scholar,Q4220878,Occupation
film critic,Q4220892,Occupation
North Korea,Q423,Country
blues musician,Q42303786,Occupation
American football coach,Q42331263,Occupation
gymnastics coach,Q42331265,Occupation
Cambodia,Q424,Country
English people,Q42406,Country
Kingdom of Bohemia,Q42585,Country
priest,Q42603,Occupation
Palestinian National Authority,Q42620,Country
literary critic,Q4263842,Occupation
mujahid,Q42759,Occupation
président-directeur général,Q428322,Occupation
fabricator,Q42855995,Occupation
prophet,Q42857,Occupation
gun rights advocate,Q42889548,Occupation
reporter,Q42909,Occupation
architect,Q42973,Occupation
Turkey,Q43,Country
conchologist,Q43095928,Occupation
insurance,Q43183,Occupation
preacher,Q432386,Occupation
German Empire,Q43287,Country
cult leader,Q43373553,Occupation
hedge fund manager,Q43423468,Occupation
merchant banker,Q43464841,Occupation
percussionist,Q4351403,Occupation
Human rights movement in the Soviet Union,Q4376092,Occupation
university president,Q4376769,Occupation
professional gamer,Q4379701,Occupation
businessperson,Q43845,Occupation
long-distance runner,Q4439155,Occupation
television personality,Q44508716,Occupation
toxicologist,Q4459623,Occupation
conservator,Q446966,Occupation
Portugal,Q45,Country
guitar maker,Q450202,Occupation
religious servant,Q4504549,Occupation
Члены-корреспонденты РАН за всю историю существования,Q4516937,Occupation
sailor,Q45199,Occupation
ceramic,Q45621,Occupation
anti-nuclear activist,Q45725048,Occupation
co-founder,Q45916492,Occupation
magistrate,Q4594605,Occupation
model,Q4610556,Occupation
marketing executive,Q46475908,Occupation
stunt performer,Q465501,Occupation
horse trainer,Q466640,Occupation
military personnel,Q47064,Occupation
museum professional,Q47090899,Occupation
game show contestant,Q47454185,Occupation
bioethicist,Q47455777,Occupation
sailor,Q476246,Occupation
anthropologist,Q4773904,Occupation
business theorist,Q48072011,Occupation
athletic director,Q4813766,Occupation
student,Q48282,Occupation
author,Q482980,Occupation
artist,Q483501,Occupation
automotive engineer,Q48351861,Occupation
head of state,Q48352,Occupation
background artist,Q4839644,Occupation
serial killer,Q484188,Occupation
grand couturier,Q4845479,Occupation
chief executive officer,Q484876,Occupation
analyst,Q485178,Occupation
children's writer,Q4853732,Occupation
bandmaster,Q4854651,Occupation
demonologist,Q48558140,Occupation
pianist,Q486748,Occupation
dramaturge,Q487596,Occupation
pornographic actor,Q488111,Occupation
singer-songwriter,Q488205,Occupation
schoolchild,Q48942,Occupation
Egypt Eyalet,Q491507,Country
crime boss,Q4947495,Occupation
bowler,Q4951095,Occupation
boxing judge,Q4951972,Occupation
branch manager,Q4956387,Occupation
cabin boy,Q49640,Occupation
philosopher,Q4964182,Occupation
brigadier general,Q4967196,Occupation
lepidopterist,Q497294,Occupation
poet,Q49757,Occupation
soldier,Q4991371,Occupation
musher,Q500097,Occupation
ship-owner,Q500251,Occupation
campaign manager,Q5027838,Occupation
Zionist activist,Q50326480,Occupation
foreign currency trader,Q50673671,Occupation
labor leader,Q50768646,Occupation
consigliere,Q507830,Occupation
truck driver,Q508846,Occupation
sportsperson,Q50995749,Occupation
scenic designer,Q51085009,Occupation
intelligence officer,Q5121444,Occupation
Judaic scholar,Q5121550,Occupation
socialite,Q512314,Occupation
criminal defense lawyer,Q512345,Occupation
city attorney,Q5123536,Occupation
clerk,Q5131856,Occupation
Clinical Professor,Q5133792,Occupation
clinician,Q5133860,Occupation
basketball coach,Q5137571,Occupation
ice hockey coach,Q5137576,Occupation
Commissioner of Police (Hong Kong),Q5152841,Occupation
wheelchair racer,Q51536424,Occupation
community association manager,Q5154983,Occupation
concert production,Q5158531,Occupation
congressional staff,Q5160981,Occupation
cornerman,Q5171647,Occupation
coupletist,Q5178032,Occupation
court reporter,Q5178440,Occupation
cattle rancher,Q5179781,Occupation
First Republic of Austria,Q518101,Country
crew member,Q5184855,Occupation
Chechen Republic,Q5187,Country
real estate broker,Q519076,Occupation
cyberneticist,Q5197818,Occupation
mixed martial arts judge,Q52008306,Occupation
geologist,Q520549,Occupation
medieval archaeologist,Q52231239,Occupation
commissioner,Q524778,Occupation
director of bands,Q5280538,Occupation
biostatistician,Q52899051,Occupation
Seven Kingdoms,Q53174509,Country
designer,Q5322166,Occupation
Cisleithania,Q533534,Country
educational psychologist,Q5341297,Occupation
technician,Q5352191,Occupation
electronic musician,Q5358395,Occupation
harpsichordist,Q5371902,Occupation
planetary geologist,Q53753884,Occupation
ethicist,Q5403434,Occupation
research assistant,Q5405633,Occupation
pipefitter,Q5407416,Occupation
faculty member,Q5428874,Occupation
fashion editor,Q5436767,Occupation
trombonist,Q544972,Occupation
fire chief,Q5451558,Occupation
Foreign Service officer,Q5468328,Occupation
programmer,Q5482740,Occupation
role-playing game designer,Q54845077,Occupation
physician writer,Q551835,Occupation
baseball player-managers,Q55296227,Occupation
general manager,Q5532362,Occupation
religious sister,Q55631411,Occupation
investor,Q557880,Occupation
government agent,Q5589126,Occupation
recording artist,Q55960555,Occupation
intelligence analyst,Q56027752,Occupation
media manager,Q56425414,Occupation
general counsel,Q564612,Occupation
assistant professor,Q5669847,Occupation
antiquarian,Q5697103,Occupation
dancer,Q5716684,Occupation
figure skating coach,Q57199189,Occupation
bureaucrat,Q572700,Occupation
East Timor,Q574,Country
high school teacher,Q5758653,Occupation
storyboard artist,Q5762300,Occupation
plastic surgeon,Q5770349,Occupation
television producer,Q578109,Occupation
sheriff,Q578478,Occupation
Cayman Islands,Q5785,Country
squire,Q579516,Occupation
vexillologist,Q58054039,Occupation
history teacher,Q58209937,Occupation
video game developer,Q58287519,Occupation
French Second Republic,Q58326,Country
medium,Q583271,Occupation
bassist,Q584301,Occupation
NHL Commissioner,Q586959,Occupation
fitness model,Q58891836,Occupation
editor-in-chief,Q589298,Occupation
intellectual,Q58968,Occupation
draper,Q593362,Occupation
chemist,Q593644,Occupation
official,Q599151,Occupation
beatboxer,Q59958430,Occupation
prosecutor,Q600751,Occupation
television executive,Q60223236,Occupation
International Foundation for Electoral Systems,Q6050670,Occupation
opinion journalist,Q6051619,Occupation
ukulelist,Q60643157,Occupation
beachcomber,Q60657824,Occupation
Intendant,Q60687737,Occupation
pop singer,Q60723829,Occupation
climate activist,Q61048378,Occupation
chancellor,Q61061,Occupation
Far Eastern Republic,Q61292,Country
Anwalt,Q613087,Occupation
travel,Q61509,Occupation
jazz guitarist,Q6168364,Occupation
mind gamer,Q61747890,Occupation
disability rights activist,Q61857538,Occupation
fighter pilot,Q618694,Occupation
jazz trumpeter,Q61947786,Occupation
pro-life activist,Q61958570,Occupation
classical pianist,Q61996187,Occupation
musicographer,Q61996872,Occupation
communications consultant,Q62085571,Occupation
chief financial officer,Q623268,Occupation
ghostwriter,Q623386,Occupation
show business,Q625568,Occupation
graphic designer,Q627325,Occupation
association football manager,Q628099,Occupation
rock drummer,Q62974259,Occupation
particle physicist,Q63017728,Occupation
slacker,Q630800,Occupation
Qajar Iran,Q63158027,Country
Jesuit,Q63173086,Occupation
neuroscientist,Q6337803,Occupation
program director,Q635067,Occupation
Archivist of the United States,Q635713,Occupation
archivist,Q635734,Occupation
educationalist,Q63676514,Occupation
law professor,Q63677188,Occupation
employé des entreprises publiques,Q63755505,Occupation
media scholar,Q6386271,Occupation
musician,Q639669,Occupation
head of library,Q63970319,Occupation
VJ,Q6399436,Occupation
text writer,Q64167352,Occupation
critic,Q6430706,Occupation
jazz saxophonist,Q64355059,Occupation
musical theatre composer,Q64356038,Occupation
illustrator,Q644687,Occupation
weapons manufacturer,Q64689213,Occupation
stage manager,Q64825422,Occupation
land agent,Q6484023,Occupation
intendant,Q6491450,Occupation
general practitioner,Q6500773,Occupation
general secretary,Q6501749,Occupation
public defender,Q6528049,Occupation
district attorney,Q653368,Occupation
female,Q6581072,Sex
male,Q6581097,Sex
tap dancer,Q66047463,Occupation
industrialist,Q6606110,Occupation
novelist,Q6625963,Occupation
public figure,Q662729,Occupation
jazz singer,Q66314404,Occupation
expert witness,Q663272,Occupation
New Zealand,Q664,Country
bookmaker,Q664702,Occupation
judoka,Q6665249,Occupation
railway engineer,Q66711686,Occupation
literary,Q6673651,Occupation
English billiards player,Q66759460,Occupation
country musician,Q66763670,Occupation
country singer,Q66763708,Occupation
Aliyah Bet activist,Q66771409,Occupation
India,Q668,Country
bluegrass musician,Q67158337,Occupation
rock guitarist,Q67378332,Occupation
mime artist,Q674067,Occupation
curator,Q674426,Occupation
media consultant,Q6805589,Occupation
financial adviser,Q683476,Occupation
real property,Q684740,Occupation
Military Intelligence Division,Q6852061,Occupation
sales representative,Q685433,Occupation
web developer,Q6859454,Occupation
mixing engineer,Q6884071,Occupation
concertmaster,Q691031,Occupation
assemblage artist,Q69319917,Occupation
Kingdom of France,Q69323,Country
multimedia artist,Q6934789,Occupation
film screenwriter,Q69423232,Occupation
physiotherapist,Q694748,Occupation
Palau,Q695,Country
real estate development,Q695829,Occupation
city manager,Q696776,Occupation
Nauru,Q697,Country
Archduchy of Austria,Q699964,Country
Archbishopric of Salzburg,Q701614,Country
social worker,Q7019111,Occupation
employee,Q703534,Occupation
film editor,Q7042855,Occupation
art director,Q706364,Occupation
nurse educator,Q7070203,Occupation
chief of staff,Q707492,Occupation
Kingdom of France,Q70972,Country
Fiji,Q712,Country
cannoneer,Q713019,Occupation
performing artist,Q713200,Occupation
West Germany,Q713750,Country
partner,Q7140693,Occupation
freelance journalist,Q71472040,Occupation
lady-in-waiting,Q715222,Occupation
comics artist,Q715301,Occupation
patent inventor,Q715679,Occupation
First Lady of the United States,Q7166256,Occupation
Venezuela,Q717,Country
microbiology,Q7193,Occupation
manager,Q721834,Occupation
dean,Q723682,Occupation
prelate,Q725440,Occupation
balloonist,Q728425,Occupation
Playboy Playmate,Q728711,Occupation
real estate entrepreneur,Q7301138,Occupation
test pilot,Q730242,Occupation
Nazi Germany,Q7318,Country
Paraguay,Q733,Country
foreign minister,Q7330070,Occupation
monk,Q733786,Occupation
Guyana,Q734,Country
Prime Minister of Pakistan,Q735575,Occupation
clown,Q7358,Occupation
Ecuador,Q736,Country
conferencier,Q736415,Occupation
clerk,Q738142,Occupation
Colombia,Q739,Country
poster artist,Q739437,Occupation
School of the Art Institute of Chicago,Q7432601,Occupation
senior advisor,Q7450649,Occupation
Song dynasty,Q7462,Country
film technician,Q74649115,Occupation
Shinnecock Reservation,Q7497683,Country
Bolivia,Q750,Country
astrophysicist,Q752129,Occupation
songwriter,Q753110,Occupation
Trinidad and Tobago,Q754,Country
ceramicist,Q7541856,Occupation
Song-plugger,Q7560960,Occupation
provost,Q756215,Occupation
attorney at law,Q758225,Occupation
gardener,Q758780,Occupation
strategist,Q7621877,Occupation
school superintendent,Q7643464,Occupation
film studio executive,Q76444063,Occupation
organist,Q765778,Occupation
Jamaica,Q766,Country
Grenada,Q769,Country
conservation biologist,Q76928813,Occupation
Uruguay,Q77,Country
surgeon,Q774306,Occupation
The Bahamas,Q778,Country
animation director,Q779815,Occupation
exhibition curator,Q780596,Occupation
Antigua and Barbuda,Q781,Country
Honduras,Q783,Country
town supervisor,Q7830082,Occupation
Transitional deacon,Q7834465,Occupation
neurologist,Q783906,Occupation
Dominica,Q784,Country
Dominican Republic,Q786,Country
union organizer,Q7886765,Occupation
United States Naval Aviator,Q7890793,Occupation
United States Navy Diver,Q7890816,Occupation
Egypt,Q79,Country
Haiti,Q790,Country
Electorate of Cologne,Q7904317,Country
numerologist,Q79136455,Occupation
El Salvador,Q792,Country
visual effects art director,Q7936594,Occupation
voice teacher,Q7939609,Occupation
Iran,Q794,Country
Iraq,Q796,Country
backing vocalist,Q798487,Occupation
Costa Rica,Q800,Country
Israel,Q801,Country
animal trainer,Q8011071,Occupation
Panama,Q804,Country
Yemen,Q805,Country
ballet dancer,Q805221,Occupation
ballet master,Q805253,Occupation
bandleader,Q806349,Occupation
banker,Q806798,Occupation
bank teller,Q806805,Occupation
secretary,Q80687,Occupation
bartender,Q808266,Occupation
barrister,Q808967,Occupation
Jordan,Q810,Country
engineer,Q81096,Occupation
Nicaragua,Q811,Country
Bauführer,Q811342,Occupation
political adviser,Q8125919,Occupation
criminologist,Q8142883,Occupation
Kuwait,Q817,Country
music professor,Q81759238,Occupation
media historian,Q8175949,Occupation
librettist,Q8178443,Occupation
Confederate States of America,Q81931,Country
miner,Q820037,Occupation
Autor,Q8209871,Occupation
Lebanon,Q822,Country
lyricist,Q822146,Occupation
blogger,Q8246794,Occupation
computer scientist,Q82594,Occupation
politician,Q82955,Occupation
presbyter,Q831474,Occupation
Socialist Federal Republic of Yugoslavia,Q83286,Country
Malaysia,Q833,Country
minister,Q83307,Occupation
maid,Q833860,Occupation
butler,Q833899,Occupation
social activist,Q8359428,Occupation
Myanmar,Q836,Country
brewer,Q836904,Occupation
Federal Republic of Yugoslavia,Q838261,Country
sporting director,Q838476,Occupation
Macedonia,Q83958,Country
Britons,Q842438,Country
livestock farmer,Q84271380,Occupation
detective,Q842782,Occupation
Socialist Republic of Romania,Q842794,Country
dietitian,Q842811,Occupation
Pakistan,Q843,Country
Qatar,Q846,Country
futurist,Q846430,Occupation
Americans,Q846570,Country
jockey,Q846750,Occupation
political analyst,Q84681895,Occupation
military,Q8473,Occupation
courier,Q848466,Occupation
ship captain,Q849424,Occupation
clinical chemistry,Q849994,Occupation
Saudi Arabia,Q851,Country
beekeeper,Q852389,Occupation
children's rights activist,Q85305832,Occupation
Sri Lanka,Q854,Country
bhikṣu,Q854997,Occupation
guitarist,Q855091,Occupation
professional fitness coach,Q8563456,Occupation
security guard,Q856887,Occupation
Syria,Q858,Country
association football referee,Q859528,Occupation
Esperantist,Q860918,Occupation
Tajikistan,Q863,Country
game programmer,Q863368,Occupation
biographer,Q864380,Occupation
biologist,Q864503,Occupation
Hong Kong,Q8646,Country
biotechnologist,Q864835,Occupation
Taiwan,Q865,Country
baseball coach,Q865935,Occupation
British Empire,Q8680,Country
Thailand,Q869,Country
bar manager,Q87282152,Occupation
Qing dynasty,Q8733,Country
contributing editor,Q876864,Occupation
United Arab Emirates,Q878,Country
educational researcher,Q88011130,Occupation
Vietnam,Q881,Country
municipal clerk,Q883211,Occupation
law clerk,Q883231,Occupation
South Korea,Q884,Country
piano maker,Q885122,Occupation
bladesmith,Q885444,Occupation
Afghanistan,Q889,Country
boxing promoter,Q895709,Occupation
genealogist,Q8963721,Occupation
winegrower,Q897317,Occupation
violist,Q899758,Occupation
scientist,Q901,Occupation
tutor,Q901222,Occupation
geographer,Q901402,Occupation
karateka,Q9017214,Occupation
Bangladesh,Q902,Country
water polo coach,Q90479996,Occupation
friar minor capuchin,Q90521808,Occupation
business magnate,Q911554,Occupation
mountaineer,Q9149093,Occupation
Angola,Q916,Country
member,Q9200127,Occupation
United States Army,Q9212,Occupation
Tanzania,Q924,Country
Philippines,Q928,Country
Mistress of the Robes,Q930374,Occupation
forensic psychologist,Q93068487,Occupation
murderer,Q931260,Occupation
satirist,Q9334029,Occupation
associate professor,Q9344260,Occupation
spy,Q9352089,Occupation
association football player,Q937857,Occupation
lecturer,Q9379869,Occupation
neurosurgeon,Q9385011,Occupation
visiting professor,Q94084,Occupation
impresario,Q943995,Occupation
program host,Q94498772,Occupation
television presenter,Q947873,Occupation
Tunisia,Q948,Country
character actor,Q948329,Occupation
Zambia,Q953,Country
operations officer,Q95386357,Occupation
Zimbabwe,Q954,Country
parson,Q955464,Occupation
Liedermacher,Q956365,Occupation
photojournalist,Q957729,Occupation
Mexico,Q96,Country
HIV activist,Q96034777,Occupation
health activist,Q96036530,Occupation
banjoist,Q9648008,Occupation
Burundi,Q967,Country
child actor,Q970153,Occupation
mathematical statistician,Q97016322,Occupation
educator,Q974144,Occupation
Djibouti,Q977,Country
flag officer,Q977459,Occupation
agriculteurs sur moyenne exploitation,Q97768146,Occupation
cadres de la fonction publique,Q97768154,Occupation
intermediate administrative professions of the public service,Q97768237,Occupation
executive,Q978044,Occupation
scientific collector,Q98544732,Occupation
storm chaser,Q98686841,Occupation
tenor,Q98834046,Occupation
KVN actor,Q98925420,Occupation
Ming dynasty,Q9903,Country
bookseller,Q998550,Occupation